{
    "mean": [
        0.1671771086287842,
        0.8778314715881496,
        6.799417192812045e-06
    ],
    "scale": [
        0.6504973223855866,
        0.30678329784154657,
        0.0001426605043600864
    ]
}