{
    "mean": [
        -44.226820139226156,
        -0.045672818520317314,
        -158.93233106686094,
        0.0021837461550912526,
        3.237817710786314e-07,
        -0.008195240407964932,
        0.02219896389833253,
        -0.19407997409745828,
        31.222404403432083,
        2.7826331552533587,
        0.01145701796988831,
        0.049535858831147805,
        170.17112854136312,
        305.11381026388216,
        202.701234741784,
        108.2036213372187
    ],
    "scale": [
        130.03625173444436,
        1.426826648280214,
        95.88724728840046,
        26.237837258588353,
        1.0053181954553208,
        17.9140988782886,
        0.2599033731834957,
        0.1618949379672501,
        5.948086788365632,
        12.671194324247338,
        5.0724595088388655,
        5.100852484950376,
        96.28576201356698,
        128.00830344167446,
        176.94003765076621,
        81.24076666485189
    ]
}